Unit_price,Margin_Unitaire,STORE_SALES,TEMPERATURE,HUMIDITY_MAX_PERCENT
2.39,0.4048420918877551,2522783.1201,25.0,90.0
2.3900000001265824,0.4048421518987341,472038.43,25.0,85.0
2.3900000000250627,0.40484220553884714,1987009.57920001,25.0,86.0
2.3899999999999997,0.404842280745614,2224192.13174001,23.0,86.0
2.3900000000156494,0.40484222225352107,2501014.439,23.0,86.0
2.3900000000190116,0.40484226237642584,2240268.8509,24.0,88.0
2.3900000000223214,0.40484223216517856,2401188.94962001,23.0,89.0
2.39000000002451,0.404842132377451,2576818.42051001,23.0,88.0
2.3900000001176473,0.41084211776470586,451233.7008,24.0,89.0
2.39,0.41084223007042253,1907705.8512,24.0,90.0
2.39,0.4108422141119221,1843802.4807,22.0,89.0
2.39,0.4108421511918605,1736779.56806,23.0,90.0
2.39,0.4108422020984456,1764300.45860001,23.0,89.0
2.39,0.4108421590909091,2098369.8902,23.0,90.0
2.3899999999999997,0.41084220873786403,2369230.15026001,23.0,88.0
2.3900000001265824,0.4108422787341773,420571.9298,23.0,88.0
2.3899999999999997,0.41084213299168976,1603772.7698,23.0,88.0
2.39,0.41084207122977345,1613614.46007001,24.0,86.0
2.3900000000317463,0.4108421270476191,1523836.94020001,24.0,85.0
2.3900000000366304,0.4108421978754579,1573988.40967,24.0,89.0
2.39,0.4108421930116959,2041574.71145001,24.0,86.0
2.39,0.4108422500500001,2414112.659,23.0,90.0
2.39,0.4108423334444445,448546.38058,24.0,88.0
2.3881717451523548,0.4090516067036011,1525611.66957,24.0,87.0
2.39,0.4108421638011696,1622345.40093001,24.0,89.0
2.3899999999999997,0.41084222787341773,1705618.1209,24.0,87.0
2.3897241379310343,0.4105719311034483,1573688.8494,23.0,87.0
2.39,0.4108421574927114,2070178.12950001,23.0,86.0
2.39,0.41084229667464117,2708102.44067,23.0,87.0
2.3900000001298705,0.41084181818181814,492929.28960001,24.0,84.0
2.3900000000294988,0.4108420944542773,1737899.10063001,23.0,87.0
2.39,0.4108420613091922,1810492.45007001,23.0,89.0
2.3900000000293256,0.41084214076246334,1820415.29080001,24.0,86.0
2.390000000036765,0.41084202209558823,1659993.23994,24.0,88.0
2.3900000000324675,0.4108420779220779,2108206.68947001,25.0,91.0
2.3893292717086836,0.410185280140056,3400483.99043,24.0,92.0
2.390000000089286,0.41084223223214283,626418.05043,26.0,91.0
2.3895386847195357,0.4103904062088975,1953983.82916,24.0,92.0
2.390000000026738,0.41084224601604274,1823895.8908,26.0,90.0
2.39,0.4108421276861702,1680084.16067,24.0,93.0
2.390000000027933,0.41084206706703913,1791256.7004,26.0,87.0
2.390000000026316,0.4108421052631579,2293309.95945,26.0,89.0
2.3900000000225226,0.4108422297747748,2891240.97885001,25.0,89.0
2.3900000001388886,0.41084180569444445,540202.06003001,25.0,88.0
2.3899999999999997,0.4108422500625,1517615.66136001,25.0,90.0
2.3899999999999997,0.4108421429251701,1526822.56937,25.0,88.0
2.39,0.41484212690298505,1476520.46878,24.0,88.0
2.390000000044643,0.4148420089285714,1364725.79964001,24.0,90.0
2.3899999999999997,0.41484223048327135,1938104.33969001,25.0,88.0
2.390000000025641,0.41484217953846153,2490384.16917001,24.0,88.0
2.3900000001388886,0.41484208347222223,470703.77066,24.0,89.0
2.3899999999999997,0.4148422727972028,1374521.11827,24.0,88.0
2.39,0.4148420987654321,1429851.47944,25.0,86.0
2.3899999999999997,0.41484216330612245,1393520.27850001,24.0,85.0
2.39,0.4148421818545454,1455941.92057001,23.0,89.0
2.39,0.44284211015290514,2124424.59098,23.0,91.0
2.3899999999999997,0.4428422477876106,2889883.52852001,24.0,86.0
2.39000000010989,0.44284197824175825,532302.5101,25.0,88.0
2.39,0.4428422196495327,1893929.88959001,24.0,90.0
2.3899999999999997,0.4428422084863523,1992383.89963001,24.0,91.0
2.389787234042553,0.4426337825295508,2033584.93887,25.0,90.0
2.389247910891365,0.4421055153481894,1954044.90976,25.0,91.0
2.3899999999999997,0.44284218842105266,2429107.99048001,26.0,90.0
2.388119528178244,0.44100052424639574,3599768.2602,25.0,91.0
2.383871794957265,0.4368398291452992,620909.54817,24.0,89.0
2.390000000023585,0.4428422405896226,1891607.63086,24.0,90.0
2.3900000000240387,0.44284221158653847,1906271.7902,24.0,89.0
2.390000000020243,0.44284220649797573,1927805.47034,23.0,89.0
2.3767067307932694,0.4298223557932692,2091465.4019,23.0,87.0
2.376491935504032,0.4296119758064516,2557810.61947,24.0,89.0
2.3709591474245113,0.4241929662877442,2926044.93213001,23.0,89.0
2.3595454545454544,0.4130139773863636,539312.78040001,23.0,89.0
2.2134808259882006,0.2699536873156342,1754879.11933,24.0,88.0
2.201550000025,0.258268325025,1696579.64829,25.0,88.0
2.2011333333666667,0.25786013333333335,1570494.9492,24.0,91.0
2.237567567601351,0.2935451013513513,1633456.19950001,24.0,90.0
2.222857142882653,0.27913729591836733,2163274.21057001,25.0,87.0
2.227598152424942,0.2837807852424942,2444988.76029001,23.0,86.0
2.2143902440243903,0.27084439024390244,501548.70011,23.0,87.0
2.237734139003021,0.2937082477945619,1484215.1298,22.0,90.0
2.2242061281615597,0.2804584123119777,1553261.10003001,24.0,88.0
2.231070234147157,0.2871814381270903,1612856.5421,23.0,91.0
2.2235353535353535,0.2798013468350168,1663974.10070001,24.0,92.0
2.2109836065846995,0.2675078142349727,2554997.36944001,24.0,90.0
2.214925373152985,0.27136865673507465,3489005.46114,24.0,84.0
2.2743373495180723,0.32955843373493976,521582.84056,23.0,83.0
2.390000000025189,0.4428421914609571,1876506.11919,22.0,86.0
2.39,0.44284217505,1915717.40136001,22.0,90.0
2.390000000029586,0.44284210062130175,1785144.17034,23.0,89.0
2.39,0.4428422627980535,2279312.44133,23.0,89.0
2.390000205359343,0.4428424845995893,2994088.2514,22.0,87.0
2.3900000000980395,0.42384215696078426,520960.82983001,21.0,87.0
2.39,0.4238421574927114,1596769.18016,21.0,86.0
2.3899999999999997,0.42384228573809524,1860622.82792001,24.0,84.0
2.388364218765625,0.42224012503125,2346374.15918,23.0,88.0
2.388992194092827,0.4228551265822785,2144234.55157001,25.0,82.0
2.387199297447307,0.4210990632552693,2544058.55008,26.0,82.0
2.3896041390728477,0.42345453645695363,3146106.21053,23.0,84.0
2.39000000010989,0.42384219791208794,531765.34966,23.0,88.0
2.224404536880907,0.26165283557655955,1657174.18923,23.0,90.0
2.2175,0.2548902573897059,1665077.66107,23.0,90.0
2.2256923076923076,0.26291409615384614,1696797.64078001,25.0,86.0
2.2407382550559283,0.27765055932885907,1664036.56957001,24.0,86.0
2.2210588235490194,0.258375902,2194994.67265001,24.0,86.0
2.2188789237817637,0.256240911838565,2804361.88895001,24.0,86.0
2.2141379310344824,0.25159724137931033,510729.34967001,24.0,87.0
2.22785234901566,0.26502975393736017,1443471.69010001,24.0,87.0
2.222,0.2592977568108108,1355584.36946,24.0,87.0
2.2132898172584854,0.25076668407310704,1600156.35086,24.0,88.0
2.2070843990025577,0.24468895143222502,1471978.11028,24.0,89.0
2.2125301205060244,0.25002257833734937,2036195.28054,24.0,88.0
2.2195228215767635,0.2568715560580913,2509888.86226,24.0,89.0
2.222,0.259297625125,462502.58086,23.0,90.0
2.3899999999999997,0.42384220289855074,1370952.28892,22.0,90.0
2.39,0.42384211943283584,1461472.77891001,23.0,89.0
2.39000000002809,0.423842191011236,1514894.43060001,23.0,89.0
2.39,0.42384217983651223,1580603.36115001,24.0,88.0
2.39,0.42384212502499996,2166933.83927,23.0,87.0
2.38909334,0.42295412,2852632.50008001,23.0,88.0
2.3900000000245702,0.4238422113022112,1798981.09962,23.0,90.0
2.39,0.4238421683928571,1843460.23079,23.0,88.0
2.39,0.42384222224444446,2171408.53882,22.0,91.0
2.389128467189781,0.4229885401824817,1261801.43033,23.0,89.0
2.3894268585131893,0.4232807674100719,2497565.68882,24.0,84.0
2.3889651296974064,0.42282864554755045,2911565.01194001,22.0,83.0
2.3877777777777776,0.42166574092592596,495772.86019,23.0,75.0
2.39,0.4238421915106383,1872143.08145,20.0,82.0
2.3899999999999997,0.423842126003937,1857589.08042001,19.0,82.0
2.3709673862672647,0.43627035046838575,1752283.29024001,20.0,84.0
2.390000000025773,0.43984216497422673,1765189.13015001,20.0,87.0
2.3899999999999997,0.43984223746575346,2229135.49062,20.0,86.0
2.3900000000194552,0.4398421595525292,2580624.86216001,20.0,86.0
2.3900000001470585,0.43984220588235295,503800.55064,20.0,85.0
2.39,0.43984216594470044,1168568.78013001,20.0,88.0
2.39,0.4398421647294118,1702783.48035001,20.0,85.0
2.39,0.43984207605263154,1614859.74848001,22.0,67.0
2.39,0.4398421384276729,1454626.57996001,22.0,85.0
2.39,0.4398421875568182,2018956.01949001,22.0,84.0
2.39,0.43984220051344747,2497536.50854,22.0,83.0
2.3899999999999997,0.43984225025,463165.5598,19.0,81.0
2.3900000000261783,0.43984225133507854,1387216.04928,18.0,82.0
2.39,0.43984213456140353,1535050.5806,19.0,84.0
2.39,0.4398421698427673,1568690.66859,18.0,85.0
2.390000000028736,0.4398421839367816,1602157.43004001,19.0,84.0
2.3899999999999997,0.43984214472868216,2389985.59006,18.0,89.0
2.39,0.4398422770588235,3352636.11005,18.0,90.0
2.3900000001851853,0.4398420374074074,484193.04041001,19.0,86.0
2.39000000002681,0.4398421984182306,1583710.56919,19.0,86.0
2.39,0.4398421591477273,1675105.34251001,20.0,80.0
2.3900000000273223,0.4398422131693989,1752048.25902,22.0,83.0
2.389371727774869,0.43922688486910993,1803386.62941001,19.0,86.0
2.3900000000226753,0.43984222224489794,2183165.51192,19.0,87.0
2.390000000020243,0.4398421862753037,2743987.22157001,19.0,88.0
2.3899999999999997,0.4398420340677966,505601.78078,19.0,89.0
2.3880323287671232,0.43791506854794515,1689756.11029,19.0,90.0
2.3878394117794115,0.43772605883823523,2222639.75083,21.0,88.0
2.385498723425532,0.43543346808510636,2005634.45912001,19.0,84.0
2.388801411764706,0.43866837649411766,1931524.89164001,18.0,85.0
2.3881793032786884,0.43805897543032785,2455987.26910001,18.0,80.0
2.39,0.4398421837435008,2725320.28877,18.0,89.0
2.39,0.43984248008,495537.71845,19.0,91.0
2.39,0.43984224390243903,1731668.87947001,19.0,87.0
2.39,0.43984214752711503,1845806.52851001,18.0,87.0
2.3911538461778847,0.4409722115384615,1751707.24088,18.0,89.0
2.3900000000245702,0.43984213761670754,1681322.50903001,22.0,84.0
2.3893846154102563,0.4392394872307692,2342198.78129,18.0,87.0
2.39,0.4398421704259635,3012384.55877001,18.0,87.0
2.390000000105263,0.4308424210526316,498024.20018,17.0,88.0
2.390000000031056,0.43084220503105586,1336399.49142001,18.0,87.0
2.390000000028653,0.4308422636676218,1424573.82991001,18.0,87.0
2.390000000029586,0.43084218934911245,1531953.95951,20.0,88.0
2.39,0.43084202777777775,1497297.97985001,19.0,90.0
2.390000000026954,0.43084212940700806,1922740.56985001,20.0,87.0
2.39,0.4308421111555556,2374883.66979001,18.0,89.0
2.39000000010101,0.4308422223232323,498888.36077001,18.0,86.0
2.390000000026738,0.4308422727272727,1399771.67994,18.0,86.0
2.3899999999999997,0.4308422610955711,1517271.52079,19.0,88.0
2.39,0.43084210669333334,1610533.41987001,18.0,87.0
2.3900000000288184,0.430842190259366,1588277.35929001,18.0,85.0
2.387767441883721,0.4286556046976744,2138931.34243001,18.0,83.0
2.3900000000183823,0.43084215075367643,2534754.50817,19.0,84.0
2.39,0.4308423191304348,498923.46031,18.0,83.0
2.3899999999999997,0.4308422587938596,1639544.24976001,17.0,85.0
2.3899999999999997,0.43084220376299376,1821424.44043,16.0,84.0
2.3895817813900133,0.43043260461538463,2212044.32047001,18.0,85.0
2.388608513931888,0.4294793034055727,2122939.66915,17.0,84.0
2.3883720321931587,0.4292476659959758,2268423.03855001,19.0,83.0
2.39,0.43084217732503893,2764129.95006001,17.0,87.0
2.39,0.43084223140495864,547066.48111001,20.0,83.0
2.39,0.4308421263157895,1548250.50827001,20.0,84.0
2.390000000020534,0.43084217661190966,1820608.8002,19.0,87.0
2.390000000019608,0.4228421960784314,2110848.93093,18.0,86.0
2.39,0.42284215999999997,1087656.59933001,18.0,87.0
2.39,0.4228421770574163,2160212.06185001,17.0,86.0
2.3900000000203665,0.42284226069246433,2231369.77934,17.0,87.0
2.3873033707865168,0.42020078662921345,395595.64063,17.0,89.0
2.3899999999999997,0.4228422869230769,1527953.98953,21.0,83.0
2.3900000000193797,0.4228422093023256,1520349.18911,20.0,84.0
2.390000000025189,0.42284221662468513,1462622.98863001,20.0,84.0
2.3900000000237527,0.42284211406175776,1465535.00046001,20.0,82.0
2.3900000000245702,0.4228421867813268,1868484.59030001,20.0,84.0
2.3899999999999997,0.4228421476510067,2167112.18850001,20.0,83.0
2.3900000001075266,0.4228421505376344,420688.68992,20.0,83.0
2.390000000028653,0.4228422636676218,1445178.87936,20.0,84.0
2.390000000028736,0.4228421264942529,1457578.63799,20.0,83.0
2.3899999999999997,0.4228421270994475,1471465.22037,20.0,83.0
2.3900000000246915,0.4228422716296296,1568097.85880001,18.0,88.0
2.390000000022883,0.4228421968421052,2037856.76111001,18.0,89.0
2.3899999999999997,0.42284212600393695,2378356.11799001,18.0,92.0
2.3900000001149424,0.4228421840229885,429183.78936,20.0,89.0
2.3894457275057737,0.42229939956120094,1634662.17107,20.0,88.0
2.389444444467592,0.4222980324305556,1737095.29153001,19.0,89.0
2.39,0.42284221200460825,1676152.97945,20.0,91.0
2.390000000028736,0.4234801437068965,1723670.9685,19.0,91.0
2.39,0.4228421896613996,2305046.59903001,19.0,93.0
2.3886127167774567,0.4214834826878613,2897720.43855001,19.0,93.0
2.3900000000943398,0.42284207566037735,523176.44931,18.0,92.0
2.3891946308892615,0.42205350671140934,2060495.31047,18.0,91.0
2.389794952697161,0.4226035646845426,2016432.81905001,17.0,90.0
2.3899999999999997,0.42278710631889765,1914034.63936,17.0,89.0
2.3900000000213217,0.41884221750533046,1933338.81012001,19.0,90.0
2.3900000000218817,0.4188422319474836,2280813.97058,19.0,92.0
2.3899999999999997,0.4188422439186991,2674575.80912,19.0,91.0
2.39,0.41884208007999996,524675.91956,20.0,87.0
2.3899999999999997,0.4188421818636363,1082151.6372,19.0,89.0
2.3899999999999997,0.41884220368948244,1896706.69802001,18.0,87.0
2.3899999999999997,0.4188421720645161,1706281.47089,17.0,86.0
2.3804449648946138,0.4094837236768149,1570353.52844001,17.0,85.0
2.3843793911007025,0.4133372365807963,1951495.96887,16.0,86.0
2.3815343915343914,0.410550758377425,2646856.75928,17.0,89.0
2.390000000086207,0.4188422413793103,471414.11017,17.0,88.0
2.3899999999999997,0.418842202970297,1494531.41017001,18.0,85.0
2.39,0.4248421428857143,1430687.73062001,19.0,89.0
2.3900000000293256,0.4248421994428152,1476188.61818,18.0,88.0
2.3900000000344828,0.4278421724482759,1340842.74038001,18.0,88.0
2.3899999999999997,0.42784220341807905,1923733.19866,17.0,89.0
2.3900000000183823,0.42884218749999997,2623875.63933001,19.0,80.0
2.3900000000813004,0.42884227650406503,473847.57020001,18.0,81.0
2.3893633952254643,0.4282187533421751,1419141.84044,17.0,84.0
2.39,0.42884210392207794,1498263.67026001,16.0,82.0
2.3894285714285712,0.4282824047619047,1602168.19839001,19.0,74.0
2.3900000000324675,0.42884217532467533,1335124.33066,17.0,83.0
2.390000000019802,0.4288421782574257,2114496.2794,17.0,85.0
2.389550561813804,0.42840200643659715,2761298.53966,17.0,83.0
2.3900000000813004,0.4288423577235772,529993.33970001,17.0,85.0
2.390000000023585,0.4288422405660377,1734489.68131,18.0,84.0
2.3900000000163932,0.4288422295245901,2071103.49941,19.0,88.0
2.39,0.4288422095428571,1960920.00974,18.0,89.0
2.3899999999999997,0.4238423077338877,1748001.30922,18.0,86.0
2.39,0.42384211538461536,2199933.80021001,19.0,89.0
2.390000000016835,0.4238422727609428,2685340.95789001,18.0,89.0
2.39,0.42384214962616823,493176.49924,19.0,87.0
2.3899999999999997,0.42384223191304343,1392346.48824001,19.0,86.0
2.3899999999999997,0.4238422687665198,1523961.06226001,19.0,79.0
2.39,0.4238421696009975,1479730.35989,17.0,86.0
2.390000000029586,0.4238420710059172,1221147.33967,17.0,79.0
2.390000000026738,0.42384219254010697,1985072.06987001,17.0,86.0
2.390000000018622,0.42384216016759774,2441751.00069001,19.0,80.0
2.39,0.4238420409183673,443036.04943001,17.0,85.0
2.390000000027933,0.4238422067597765,1298908.4715,18.0,88.0
2.390000000028653,0.423842149025788,1150498.97911,18.0,88.0
2.390000000033445,0.42384210702341135,1402719.30933001,18.0,88.0
2.39,0.42384196157692305,1189266.67741001,18.0,88.0
2.3899999999999997,0.42384218848024313,1718944.84956001,18.0,91.0
2.3900000000240387,0.42384218752403846,2185048.40027001,19.0,89.0
2.3899999999999997,0.42384187500000003,405120.05905,18.0,89.0
2.3899649122807016,0.4238077894736842,1174860.38124001,18.0,91.0
2.39,0.42384223273584903,1262809.15872,19.0,88.0
2.3900000000280115,0.42384210089635854,1435913.86993001,20.0,90.0
2.39,0.4218421573857868,1476716.51817001,20.0,88.0
2.3887628866237116,0.42063051551546393,2066522.01927001,19.0,86.0
2.3899999999999997,0.42184216537401575,2650569.54935,20.0,88.0
2.39,0.42184221247787607,492519.04985001,21.0,90.0
2.39,0.4218421798365123,1666969.44011001,19.0,92.0
2.3895081967213114,0.4213605328278689,1797428.03955001,20.0,89.0
2.388774038485577,0.42064144233173073,1848539.97190001,22.0,90.0
2.3896208530963663,0.42147096369668247,2112940.43958001,19.0,92.0
2.3900000000167783,0.4218421812248322,2341247.56693001,20.0,92.0
2.39,0.4218422303206997,2848068.10772001,20.0,92.0
2.3899999999999997,0.4218422836220473,532510.24971001,21.0,85.0
2.389498956158664,0.42135150313152403,1691396.60785001,19.0,91.0
2.390000000019724,0.42184228800788953,1734023.32959,20.0,89.0
2.3910147991754758,0.42283615224101473,1651724.61934,20.0,89.0
2.39,0.4218422335279187,1624365.16871001,19.0,91.0
2.3900000000229884,0.4218421609425287,2034083.62706001,19.0,87.0
2.390000000026738,0.4218421390641711,2328805.29882001,20.0,87.0
2.3900000001075266,0.4218422582795699,450796.01986001,20.0,88.0
2.39,0.42184220814720813,1504784.16868,22.0,88.0
2.3900000000273223,0.42184213117486336,1470829.90956001,22.0,80.0
2.3899999999999997,0.42184225086816723,1431497.82855,20.0,84.0
2.3900000000337838,0.42184212844594593,1444436.76043001,22.0,85.0
2.3893877551020406,0.4412425510459184,1876601.16892001,19.0,88.0
2.390000000021978,0.4418421318681318,2168559.55946001,21.0,86.0
2.3899999999999997,0.44184213611650486,440473.61003,20.0,89.0
2.39,0.44184219373219374,1334847.95861001,21.0,92.0
2.390000000031056,0.44184204968944096,1349753.52136,20.0,89.0
2.390000000030303,0.44184212127272726,1415465.70099001,19.0,89.0
2.389087452509506,0.4409484411406844,1457262.98853,19.0,89.0
2.390000000025189,0.4418420907052897,2063839.53778,20.0,89.0
2.3899999999999997,0.44184223802841915,2699353.28864,19.0,90.0
2.390000000096154,0.44184230788461537,522097.85036,19.0,89.0
2.390000000025189,0.44184216624685135,2198400.53972,20.0,89.0
2.3900000000502515,0.44184195989949754,941884.54000001,21.0,90.0
2.39,0.44184183208651395,1662922.46,20.0,90.0
2.3899999999999997,0.4418420049752475,1725331.07000001,19.0,89.0
2.390000000021645,0.4418420995670995,2209645.10000001,20.0,90.0
2.390000000013774,0.44184213499999997,3139428.08000001,20.0,84.0
2.390000000072993,0.4418421899270073,570158.28000001,22.0,83.0
2.390000000020325,0.4418422357926829,1702050.01000001,20.0,83.0
2.3900000000224213,0.4418420628251121,1732476.45,20.0,83.0
2.3900000000226753,0.44184199551020403,1756997.60000001,19.0,90.0
2.3900000000252524,0.4418420202525253,2215917.20000001,20.0,92.0
2.390000000034722,0.44184197920138885,1854037.64,21.0,91.0
2.390000000021645,0.4418420996103896,2597621.04000001,24.0,87.0
2.39,0.4418419791666666,464117.19000001,22.0,92.0
2.3899999999999997,0.4417852196640827,1673235.78000001,22.0,93.0
2.3900000000280115,0.4418420168347339,1752990.66,22.0,90.0
2.390000000031056,0.44184189447204975,1731062.83000001,21.0,91.0
2.39000000003367,0.44184208757575755,1630611.72001001,21.0,90.0
2.3900000000316455,0.44184196202531645,2244419.93000001,20.0,84.0
2.3900000000252524,0.4418420202272727,2674704.43000001,22.0,89.0
2.39,0.44184191489361696,501388.31,20.0,88.0
2.39,0.44184210003333335,1572752.52000001,20.0,87.0
2.390000000035461,0.44184184404255317,1599565.94,22.0,89.0
2.3899999999999997,0.4308419375625,1617686.95,20.0,88.0
2.3899999999999997,0.43084190651079135,1571467.13,21.0,89.0
2.3899999999999997,0.43084190792763155,2122510.21,21.0,87.0
2.3899999999999997,0.4308421259842519,2743988.23,21.0,87.0
2.39,0.43084200011111107,501332.39000001,21.0,91.0
2.390000000030303,0.4308420606666667,1741604.05000001,20.0,87.0
2.3900000000294117,0.4308419412058823,1904002.72,21.0,86.0
2.3900000000337838,0.43084195945945947,2018951.86000001,21.0,88.0
2.3900000000293256,0.430842170117302,1988322.7,21.0,86.0
2.39,0.4308418662952646,2845578.76,22.0,86.0
2.390000000022883,0.43084205951945087,3165805.27000001,22.0,89.0
2.3900000001030928,0.4308420618556701,683660.49,21.0,87.0
2.39,0.43084209849740934,1969999.19,20.0,82.0
2.3900000000180177,0.43084209009009006,2383041.39000001,20.0,88.0
2.3900000000229884,0.4308420689885057,2267827.92,21.0,87.0
2.39,0.43084208335937496,2147545.55,22.0,88.0
2.3899999999999997,0.4228419133574007,2491504.9,22.0,91.0
2.3900000000229884,0.4228420919770115,3174700.76,21.0,89.0
2.39,0.42284211122222226,634339.31000001,21.0,88.0
2.3900000000311525,0.4228421495950156,2081454.71,21.0,88.0
2.3899999999999997,0.4228419661355932,2241274.08000001,21.0,88.0
2.3900000000380226,0.4228418631178707,2283208.63,22.0,87.0
2.3899999999999997,0.42284188528688527,2321294.16000001,21.0,87.0
2.3900000000344828,0.42284186210344826,2819703.49000001,22.0,86.0
2.3899999999999997,0.4228420338983051,3402739.11,22.0,86.0
2.3899999999999997,0.42284180336065574,1205027.15,21.0,88.0
2.3900000000294117,0.42284200002941175,3247931.82,23.0,84.0
2.39,0.42284192,2572301.4,23.0,83.0
2.39,0.4228419825072886,3244662.19,22.0,88.0
2.3899999999999997,0.42284191492401213,3720898.41000001,22.0,88.0
2.3900000000294117,0.42284179411764705,5074148.44000001,21.0,88.0
2.3900000000574715,0.42284178166666664,3509345.46,22.0,85.0
2.390000000035336,0.42284197883392227,2013374.11000001,24.0,87.0
2.39000000003096,0.4228418266563467,2128059.37000001,24.0,83.0
2.3900000000302115,0.42284199395770394,2186000.69,24.0,78.0
2.3900000000335573,0.42284197989932887,2490988.06000001,23.0,87.0
2.3900000000252524,0.4228419444696969,3492313.85000001,22.0,85.0
2.390000000045249,0.42284158371040725,3107322.4,23.0,84.0
2.39,0.42284185458181817,1614047.79000001,24.0,88.0
2.39,0.42284183105633805,1752201.57000001,25.0,83.0
2.3900000000308643,0.4228417901851852,1699112.09000001,23.0,80.0
2.3900000000301205,0.4228420181024096,1814967.93,23.0,85.0
2.390000000018939,0.42284198863636363,2586436.84,25.0,79.0
2.3900000000226753,0.4228420861904762,2613845.81000001,23.0,83.0
2.3899999999999997,0.4228414634146342,472855.13000001,23.0,85.0
2.3899999999999997,0.4228421678554779,2051725.72,24.0,85.0
2.39,0.42284199043165466,2008931.23,25.0,85.0
2.39,0.4228421866933333,1880694.89,24.0,83.0
2.3900000000308643,0.4228420062037037,1868455.46,24.0,84.0
2.39000000002681,0.4188419571313673,2253509.76,23.0,82.0
2.39,0.41884191331632653,2418109.62000001,24.0,82.0
2.3899999999999997,0.41884184223684207,443154.57000001,25.0,84.0
2.39,0.418842052,1594662.35000001,24.0,87.0
2.3900000000308643,0.4188419753395061,1587925.08000001,24.0,84.0
2.3899999999999997,0.41884203124999997,1531613.59000001,24.0,84.0
2.39,0.41884207753521124,1518666.45,24.0,85.0
2.3899999999999997,0.41884195125,2023752.26000001,24.0,85.0
2.390000000025707,0.4188419794344473,2307602.85000001,24.0,81.0
2.39,0.418842,417292.59000001,23.0,84.0
2.390000000028736,0.4188421839367816,1595687.04000001,23.0,84.0
2.3899999999999997,0.41884195848664685,1581308.04000001,24.0,86.0
2.3899999999999997,0.41884189971326163,1544877.73,24.0,85.0
2.3900000000337838,0.4188417567905406,1562601.5,24.0,87.0
2.2328328612181303,0.26490762039660054,2136590.11,23.0,89.0
2.211954261975052,0.24445860706860706,2583201.76,23.0,88.0
2.1801652893388432,0.21332338851239668,487652.09000001,23.0,87.0
2.3900000000326798,0.41884202614379085,1472058.06000001,23.0,87.0
2.39,0.4188421066243655,1541914.66,24.0,88.0
2.3899999999999997,0.4188419130724637,1596121.42,23.0,89.0
2.3900000000262467,0.41884191601049864,1605201.12000001,23.0,90.0
2.39,0.41884200523437504,2163545.28,24.0,90.0
2.3899999999999997,0.41884218247113164,3352227.11,24.0,89.0
2.3899999999999997,0.41884209804195804,614937.73,24.0,89.0
2.240345679024691,0.2722660740987654,2087989.46,24.0,91.0
2.2346980854197347,0.26673449191458026,1656454.66,23.0,93.0
2.2396666666666665,0.27160084210526314,1731511.16,23.0,92.0
2.240595446602452,0.2725104903677758,1778847.24,23.0,93.0
2.2478392857142855,0.27960533932142856,2260047.23,25.0,90.0
2.2370209339935587,0.2690095330273752,2846505.54000001,24.0,89.0
2.256296296388889,0.2878884261111111,507255.67,23.0,91.0
2.2478740157742783,0.2796393438582677,1539343.32000001,23.0,89.0
2.24029106029106,0.2722123077130977,1838775.58000001,23.0,89.0
2.244705882352941,0.276536368286445,1474922.63,24.0,87.0
2.2388976377952754,0.27084753280839896,1410650.19,23.0,88.0
2.2374242424545456,0.26940442427272726,2078968.51000001,24.0,87.0
2.2439375,0.27578368754166666,2501808.04000001,23.0,89.0
2.2747191011235954,0.30593191033707867,473892.49,25.0,88.0
2.39,0.4188419863356164,1397334.25,24.0,88.0
2.3899999999999997,0.41884187729241873,1418980.16,24.0,89.0
2.390000000040486,0.4188419838866397,1461593.44,25.0,89.0
2.39,0.4188418106995885,1388078.76000001,24.0,90.0
2.2932484076751596,0.3240806051273885,1860029.85000001,25.0,88.0
2.273697479019608,0.30493176476190476,2378087.49000001,23.0,88.0
2.2960465117441857,0.32682116290697677,464540.15000001,23.0,88.0
2.3899999999999997,0.4483863605782312,1479756.4,23.0,87.0
2.3899999999999997,0.4618420938125,1430044.75,24.0,90.0
2.3900000000366304,0.46184186816849815,1512192.21,25.0,87.0
2.3899999999999997,0.4618419263739376,1657062.38,26.0,88.0
2.3899999999999997,0.46184204750741836,2255260.09,24.0,88.0
2.390000000017361,0.46184208336805554,2761317.86,25.0,88.0
2.3899999999999997,0.461841905,499573.20000001,25.0,88.0
2.317424892725322,0.3907597210515021,1863048.15,25.0,87.0
2.3281192660550456,0.40123420489296635,2215788.32,23.0,89.0
2.3159839357429717,0.3893484337349397,2045718.83000001,24.0,91.0
2.317899761360382,0.39122486878281626,1902936.25,26.0,89.0
2.324065708418891,0.39726398361396303,2410902.74000001,24.0,91.0
2.311693290734824,0.3851460862619808,2912238.45000001,24.0,91.0
2.2827722773267327,0.3568199010891089,535132.71,24.0,88.0
2.312040358766816,0.3854859417040359,1572675.48,24.0,92.0
2.314382871536524,0.3877803274559194,1702325.55000001,24.0,88.0
2.3100282485875705,0.38351525426553673,1597821.14,25.0,86.0
2.316218274137056,0.38957791880710657,1603265.53000001,24.0,89.0
2.318675078864353,0.39198413255520503,2167333.70000001,25.0,89.0
2.322475490220588,0.395706544117647,2421292.74000001,24.0,88.0
2.301168831168831,0.3748380522077922,471325.57000001,24.0,89.0
2.399719626168224,0.4713621184112149,1726518.73,24.0,89.0
2.4,0.47163671689759035,1673329.60000001,23.0,89.0
2.4,0.4716368667333333,1599223.71,23.0,89.0
2.4000000000371746,0.47163684022304836,1503631.13,23.0,90.0
2.4,0.471636836015625,2014339.85000001,23.0,90.0
2.4,0.4716366046511628,2494270.24000001,23.0,90.0
2.4,0.471636709113924,478466.92,23.0,92.0
2.4,0.47163677425219935,1526482.21,23.0,93.0
2.4,0.4256368308,1535913.52000001,23.0,93.0
2.4000000000263855,0.4256367282585752,1664071.98,23.0,88.0
2.4,0.425636793137931,1619390.83000001,23.0,90.0
2.400000000029155,0.42563685131195333,2166775.33000001,23.0,89.0
2.4,0.4256368,2837218.24000001,22.0,88.0
2.4,0.425636875,550240.28000001,23.0,89.0
2.400000000029155,0.42563673472303204,1578035.80000001,23.0,91.0
2.4,0.42563681594527364,1739492.89,24.0,89.0
2.4,0.42563684617948716,1827899.48,23.0,91.0
2.400000000018762,0.42563669795497183,2084468.73,23.0,90.0
2.400000000021834,0.425636768580786,2460506.05,22.0,89.0
2.4,0.42563685153846154,2963711.75,23.0,89.0
2.4000000001219512,0.4256369513414634,567694.23,23.0,88.0
2.4,0.4256369066933333,1635595.65,22.0,90.0
2.4,0.4256367602295918,1726761.42,23.0,89.0
2.4,0.42563682672,1793315.34000001,22.0,89.0
2.4,0.42563693251533735,1874227.80000001,23.0,89.0
2.4,0.42563676473856205,2560200.56000001,23.0,88.0
2.4,0.425636809547619,3353939.35000001,21.0,92.0
2.4,0.4256373080769231,515781.21000001,22.0,89.0
2.4,0.4256368502140673,1668286.62000001,22.0,91.0
2.4,0.4256369400946372,1520445.27000001,23.0,91.0
2.4,0.42563674056962025,1514537.02000001,23.0,92.0
2.4000000000323625,0.425636925566343,1976950.66,23.0,91.0
2.4,0.425636770623608,2494415.93000001,23.0,89.0
2.400000000131579,0.4256369738157895,464303.42,24.0,87.0
2.4,0.42563681970491796,1313259.58000001,22.0,88.0
2.4,0.4256368536137071,1425703.37000001,22.0,88.0
2.4,0.42563683585074624,1575234.64,23.0,91.0
2.400000000029586,0.42563695269230767,1676498.2,23.0,89.0
2.400000000024814,0.42563679903225804,2302723.54000001,22.0,89.0
2.4,0.425636743380531,3167170.18000001,21.0,88.0
2.4000000000787405,0.42563692921259844,693015.79000001,20.0,89.0
2.4,0.42563677968220337,1948838.55000001,21.0,92.0
2.4,0.42563684345959596,1874441.95,22.0,91.0
2.4,0.4096368126520681,1832741.25,22.0,91.0
2.4,0.4076369417718447,2321799.355,21.0,90.0
2.4,0.4076367625125,3412671.68000001,21.0,91.0
2.4,0.4076370514102564,659279.39000001,21.0,90.0
2.4,0.40763686640552993,1208064.24,21.0,91.0
2.400000000018149,0.4076367876588022,1978978.52000001,22.0,88.0
2.3814645309153315,0.3894825171624714,1806944.34000001,21.0,88.0
2.3471830985915494,0.3449062441549296,1835946.93,21.0,89.0
2.347101449299517,0.34482642514492756,2239259.48,20.0,89.0
2.3262711864406778,0.3244243644279661,2487942.59,21.0,87.0
2.4,0.3966367695384616,472774.22,20.0,89.0
2.4,0.3966368280107527,1592944.45,21.0,85.0
2.4000000000268096,0.3966367560589812,1670007.98,20.0,88.0
2.4,0.39663672636828645,1619300.81000001,19.0,88.0
2.400000000032895,0.3966369078947368,1435016.01000001,20.0,91.0
2.4,0.39663683336666666,2048262.16,21.0,90.0
2.4,0.3966368648648649,2435864.16000001,21.0,87.0
2.4,0.3966367045454545,481419.26000001,21.0,86.0
2.40000000003413,0.396636928327645,1397288.87000001,20.0,89.0
2.4000000000334447,0.3966367224414716,1540031.78000001,20.0,89.0
2.4,0.39663678128125,1956496.38,21.0,89.0
2.4,0.3966369192424242,1314153.0,20.0,89.0
2.3999781181619255,0.39663201312910285,2522843.97000001,20.0,90.0
2.4000000000224215,0.39663679372197314,3194710.95000001,23.0,90.0
2.4,0.39663714314285714,468127.97,22.0,89.0
2.243298969072165,0.24315859793814432,1515344.52000001,21.0,90.0
2.2471578947578945,0.2469381894736842,1645958.01000001,21.0,90.0
2.250559284116331,0.2502696644519015,1740200.49,21.0,89.0
2.248960739030023,0.24870383374133948,1642521.88,21.0,90.0
2.2447418738049714,0.24457183556405354,2295976.29000001,20.0,90.0
2.2385815602978725,0.2385382269787234,2843397.73,20.0,89.0
2.277272727386364,0.2764337501136364,555698.7,20.0,89.0
2.212949640323741,0.21343341730215826,1233872.76000001,20.0,88.0
2.244122965641953,0.24396566007233272,1772805.24,21.0,91.0
2.238409090909091,0.238369386375,2173375.75,21.0,91.0
2.2389170896954314,0.23886683588832489,1946159.72,20.0,93.0
2.2413255360623783,0.2412257505263158,2390286.17,20.0,91.0
2.2427672955974844,0.2426379245283019,2900805.45000001,21.0,86.0
2.227272727272727,0.22746200018181817,510977.32000001,21.0,87.0
2.3989247311827957,0.3955835752956989,1696708.29000001,22.0,88.0
2.4000000000268096,0.39663686329758713,1767807.31000001,21.0,91.0
2.4,0.39663683062841526,1750821.76000001,21.0,83.0
2.400000000029586,0.39663689355029585,1674855.41,21.0,88.0
2.4,0.39663668753125,2293919.62000001,20.0,90.0
2.4,0.3966368608101266,2927767.72000001,19.0,90.0
2.400000000263158,0.39663710552631576,491473.65000001,21.0,86.0
2.4,0.39663670739837403,1265692.88,21.0,89.0
2.400000000031949,0.3966368690415335,1394478.03000001,20.0,90.0
2.4000000000340136,0.39663690479591834,1422509.80000001,20.0,89.0
2.4000000000358424,0.3966368817204301,1431606.38,19.0,91.0
2.4,0.39663678463022506,1902039.16,19.0,85.0
2.40000000002451,0.39663688730392155,2256886.37000001,19.0,83.0
2.4,0.39663643863013703,456191.34000001,19.0,85.0
2.4,0.3966367721835443,1324003.67,20.0,84.0
2.4,0.396636838556701,1396990.77000001,18.0,83.0
2.4000000000352113,0.3966367253521127,1512089.45,18.0,83.0
2.40000000003003,0.39663687690690685,1559044.72,19.0,83.0
2.4,0.39663685884726224,2040187.4,18.0,87.0
2.4,0.3966367928486056,2502669.13,20.0,86.0
2.4,0.3966369232051282,488434.63000001,19.0,88.0
2.4,0.3966368548924731,1610074.49,20.0,89.0
2.4,0.39663687505,1645034.63,19.0,87.0
2.4000000000274726,0.38763675824175825,1798283.87000001,19.0,88.0
2.4,0.3876366551896551,2071787.14,20.0,83.0
2.4,0.3876368098364008,2448093.87000001,19.0,83.0
2.4,0.38763673603200005,2700824.37000001,19.0,80.0
2.400000000131579,0.3876367105263158,483935.62,19.0,88.0
2.4,0.3876368390996169,1670951.09000001,19.0,91.0
2.4,0.38763666666666663,1802761.65,20.0,92.0
2.4,0.3866367625899281,1785302.07000001,20.0,85.0
2.4,0.38663680954761903,2063164.82000001,20.0,81.0
2.4,0.3866366667117117,1433860.21,18.0,90.0
2.4,0.38663680004444445,2371352.92,18.0,84.0
2.4000000001492534,0.38663716417910443,425305.24,19.0,92.0
2.4,0.3866368,1590717.62000001,18.0,92.0
2.4,0.3866367506801007,1582803.78000001,21.0,86.0
2.400000000027933,0.3866367597765363,1464194.9,19.0,89.0
2.4000000000271005,0.38663674799458,1525223.94,19.0,89.0
2.4,0.38663681581578946,1936029.71,21.0,84.0
2.4000000000254453,0.3866366921374046,2188923.61,20.0,89.0
2.4,0.3866370887341772,422038.91,20.0,88.0
2.4000000000287356,0.3866367529022989,1473458.64,20.0,89.0
2.4,0.3866368857428571,1438445.05000001,20.0,88.0
2.4,0.3866368660968661,1486826.66,19.0,89.0
2.4,0.38663665717142853,1570068.09000001,20.0,89.0
2.4,0.386636908655914,2049321.99,20.0,90.0
2.4,0.3866368018468469,2415399.08000001,19.0,86.0
2.4,0.38663675675675674,461179.0,19.0,89.0
2.4,0.3866367475728155,1627040.47,19.0,85.0
2.4,0.38663686489189186,1723643.75,19.0,82.0
2.4,0.3866368409026128,1818858.76000001,18.0,77.0
2.4,0.3856368580060423,1814194.23,17.0,80.0
2.4,0.3856367114317673,2436954.92,17.0,80.0
2.4,0.385636624016,2908597.27000001,18.0,80.0
2.4,0.38563680026666664,542950.27000001,19.0,85.0
2.4000000000239234,0.3856367703588517,2053305.29000001,20.0,81.0
2.4,0.38563685716326535,1980903.79000001,19.0,88.0
2.4,0.3856368687121212,1850373.0,19.0,82.0
2.4,0.3856368848167539,1879046.06000001,17.0,88.0
2.4,0.38563690293963254,2260758.77000001,19.0,83.0
2.4,0.3856368182231405,2558545.97000001,19.0,84.0
2.4,0.385636852037037,486546.51000001,17.0,85.0
2.400000000024213,0.38563685232445516,2090680.06000001,17.0,88.0
2.400000000046729,0.38563691588785043,1134550.42,19.0,86.0
2.4000000000260417,0.38563674484374993,1748431.22,18.0,89.0
2.4,0.38563690061403505,1668019.08000001,19.0,88.0
2.4,0.385636697030303,2056516.56000001,19.0,86.0
2.400000000026455,0.38563677253968254,2470498.91000001,18.0,89.0
2.4,0.38563671890625,474304.59000001,19.0,89.0
2.4,0.3856366959064327,1623475.23,20.0,89.0
2.4000000000324677,0.38563691564935065,1512298.80000001,19.0,88.0
2.4,0.3856368634686347,1506399.84000001,19.0,89.0
2.400000000037879,0.385636818219697,1389899.23,20.0,87.0
2.4000000000340136,0.3856369388435374,1803923.22,20.0,88.0
2.4,0.385636878480663,2454968.53001,19.0,87.0
2.4,0.38563674168539325,467339.72,19.0,85.0
2.4,0.38563674164794004,1329310.53000001,19.0,87.0
2.4,0.3856369,1420660.2,19.0,87.0
2.40000000002907,0.3856366861046512,1582448.63,19.0,88.0
2.4,0.3856366917669173,1532679.53000001,19.0,87.0
2.4,0.3856368709677419,2021695.23,19.0,89.0
2.400000000020704,0.3856367287991718,2633966.10000001,20.0,88.0
2.4,0.3856366668571429,515207.39000001,21.0,88.0
2.4,0.3856368293031359,1599799.81000001,21.0,83.0
2.400000000024213,0.3856367312590799,1880674.13,20.0,72.0
2.4,0.38563681555339807,2177037.20000001,18.0,78.0
2.4,0.38563676993362833,1902799.58000001,18.0,80.0
2.4,0.38563686424691357,2302078.76,19.0,80.0
2.4,0.38563681726899385,2760588.12000001,20.0,80.0
2.4000000001162793,0.3856367444186047,537512.53000001,19.0,84.0
2.4000000000271005,0.38563669382113824,1473006.49,19.0,83.0
2.400000000023202,0.3856368213457077,1597372.76000001,19.0,81.0
2.40000000003003,0.3856368468768769,1614948.74,19.0,81.0
2.4,0.3856368846153846,1342065.39,20.0,81.0
2.400000000028329,0.38563662892351275,2036386.47,21.0,79.0
2.4,0.38563680589680593,2500118.13,22.0,75.0
2.4,0.3796364616923077,427917.75,21.0,79.0
2.4,0.37963691182352943,1353576.89,20.0,78.0
2.4,0.3796369118382353,1115244.97,19.0,89.0
2.400000000031348,0.37963692796238246,1424846.79000001,18.0,85.0
2.400000000047847,0.3796367464114832,1244170.03000001,19.0,80.0
2.4,0.37963689545751633,1739531.26000001,18.0,87.0
2.4,0.3796368820505618,2171121.82,19.0,85.0
2.400000000138889,0.3796368058333333,421591.02000001,20.0,84.0
2.4,0.3796368475254237,1165205.28000001,21.0,85.0
2.4000000000411523,0.37963711934156374,1252117.61000001,20.0,90.0
2.4,0.37963673691228067,1362516.31000001,19.0,89.0
2.400000000028329,0.37963671393767706,1419638.72,20.0,89.0
2.4,0.37963678459807076,1994296.88,20.0,81.0
2.4,0.38363676365454547,2599970.08000001,19.0,90.0
2.400000000138889,0.3866369447222222,493245.72,20.0,85.0
2.40000000003003,0.38663678678678676,1568437.86000001,20.0,87.0
2.4,0.3866368965763547,1724446.74,19.0,86.0
2.4000000000330033,0.3866369637293729,1718988.07000001,19.0,87.0
2.4,0.3866368493424657,1713640.09000001,19.0,80.0
2.4,0.38663676924999996,2492386.02000001,17.0,77.0
2.4,0.3866368316831683,2907008.59,20.0,78.0
2.4,0.3906368519444445,533160.92000001,20.0,82.0
2.4000000000257735,0.39063667525773194,1634730.02000001,22.0,81.0
2.4,0.39063679014814817,1721223.53000001,21.0,86.0
2.4,0.39063680118155614,1631833.24,19.0,88.0
2.4,0.3906368219452055,1589507.32000001,20.0,89.0
2.400000000030395,0.39063680854103344,2064617.71,19.0,89.0
2.4000000000226756,0.3906368254195011,2461244.85000001,21.0,91.0
2.4,0.39063656281250003,461190.39000001,21.0,91.0
2.4000000000268096,0.39063662201072386,1572414.76000001,21.0,89.0
2.4,0.39063677233429395,1542563.73,22.0,91.0
2.400000000034602,0.3906367820069204,1441009.32000001,21.0,88.0
2.4000000000364965,0.3906368978467153,1400199.02000001,20.0,88.0
2.4,0.3906366304710145,1889143.82000001,22.0,84.0
2.40000000003003,0.3906369369369369,2086801.84000001,23.0,82.0
2.4000000001492534,0.39063686597014924,436128.90000001,23.0,77.0
2.4,0.39063683336666666,1361890.56000001,21.0,80.0
2.4,0.3906367307692308,1346602.05000001,19.0,87.0
2.400000000031348,0.3906366771473354,1367352.18,21.0,87.0
2.4000000000340136,0.3906369047619047,1439073.06000001,21.0,85.0
2.4,0.3906366835443038,1966386.80000001,22.0,86.0
2.4000000000209205,0.39063686192468616,2364988.70000001,20.0,83.0
2.400000000087719,0.3906367544736841,500610.86,23.0,81.0
2.4,0.39063685018348626,1677909.42,20.0,84.0
2.4,0.3906368167524116,2073488.34000001,20.0,84.0
2.4000000000471697,0.3906366981132075,1149192.12000001,19.0,85.0
2.40000000003413,0.39063679187713307,1553241.21,20.0,80.0
2.4,0.3906368504461942,2104025.89000001,20.0,83.0
2.4,0.3906367483518931,2625477.79000001,19.0,85.0
2.4,0.390636852037037,497043.99,20.0,76.0
2.4000000000323625,0.39063673145631067,1587515.02000001,20.0,77.0
2.4,0.39063676031835204,1997523.64,21.0,83.0
2.4,0.39063684434968016,1846921.23,21.0,87.0
2.40000000002907,0.39063677331395347,1765302.47,22.0,91.0
2.4,0.3906367605868544,2540104.38,22.0,92.0
2.40000000002451,0.3906370343382353,2568324.98,21.0,90.0
2.4000000001639346,0.3906368852459016,541312.53000001,22.0,89.0
2.4000000000299404,0.39063685628742517,1750407.03000001,21.0,93.0
2.40000000002907,0.39063680238372095,1762991.78000001,21.0,89.0
2.4,0.39063676473856207,1795750.23,20.0,89.0
2.400000000034602,0.39563664366782003,1686684.15,22.0,90.0
2.4,0.395636754754717,2233112.92,22.0,88.0
2.4,0.3956367775191816,2654823.22000001,22.0,89.0
2.400000000138889,0.3956368056944444,511518.23,22.0,88.0
2.4,0.3956368254603175,1640968.31000001,23.0,84.0
2.4,0.3956368320992366,1642964.97,22.0,86.0
2.4,0.3956368015441176,1678788.68,21.0,90.0
2.4,0.3956370397833935,1581384.9,20.0,87.0
2.4,0.3956369435215947,2225739.80011001,19.0,87.0
2.4000000000224215,0.3956368385874439,2716263.81000001,22.0,88.0
2.4,0.39563726041095887,512098.22,21.0,88.0
2.4,0.3956369072508591,1703059.23,21.0,88.0
2.40000000003663,0.3956369231135531,1836332.55000001,21.0,89.0
2.4,0.39563697071661236,1968051.57000001,22.0,86.0
2.4,0.39563701590476186,1999032.68,22.0,86.0
2.4,0.39563703260162597,2697169.74000001,22.0,85.0
2.4,0.39763693644508674,3166327.31997001,24.0,86.0
2.400000000188679,0.39463660396226413,606225.37,24.0,82.0
2.4000000000340136,0.3946368027210884,1811062.82000001,23.0,84.0
2.400000000029155,0.39463690962099124,2136283.86,23.0,82.0
2.4,0.39463685041994745,2488138.14000001,22.0,85.0
2.4,0.3946368155357143,2309396.79000001,21.0,89.0
2.4,0.3946369143142857,2681569.16000001,22.0,85.0
2.4,0.3946369333333333,3132950.82,21.0,84.0
2.400000000138889,0.3946366668055556,625574.25,21.0,84.0
2.4,0.39463673684210526,2065251.11000001,22.0,87.0
2.4,0.3946368531818182,2199176.27000001,22.0,84.0
2.4,0.3946369349425287,2237461.3,24.0,87.0
2.4,0.39463709167330674,2288868.76,23.0,87.0
2.4,0.3946370485022026,2655544.70000001,23.0,86.0
2.4,0.39463696303703705,3296446.9,23.0,83.0
2.4,0.39463728847457624,718586.64000001,23.0,83.0
2.4,0.3946371094140625,2529674.89000001,24.0,85.0
2.4000000000429185,0.3946370816309013,3037361.54000001,23.0,80.0
2.4000000000617283,0.3946370988271605,2772331.28,22.0,79.0
2.40000000003876,0.3946369767829457,3168138.54000001,22.0,76.0
2.4,0.3946369687108014,4101524.20000001,23.0,75.0
2.400000000031949,0.39463699686900955,5117414.96,23.0,77.0
2.4,0.39463699307692307,2799693.87000001,23.0,80.0
2.4,0.3946367925283019,2078589.15,23.0,85.0
2.4,0.3946368965948276,2067899.60000001,23.0,87.0
2.4,0.39463696299999995,2306583.65,23.0,84.0
2.400000000031348,0.3946371159874608,2983854.5,23.0,87.0
2.4000000000299404,0.3946369161976048,3777322.95000001,22.0,89.0
2.400000000067114,0.39463718127516784,2291041.69,23.0,88.0
2.4,0.39463682439189185,1646256.95,25.0,90.0
2.4000000000352113,0.39463693665492955,1706708.29000001,23.0,93.0
2.4,0.39463692916010495,1777285.07000001,22.0,91.0
2.400000000026455,0.3946369312433862,2183592.56000001,22.0,95.0
2.4,0.39463686247295204,2908278.10000001,22.0,93.0
2.4,0.39463683683673473,501023.85,22.0,93.0
2.4,0.3946368047731756,2109792.4,23.0,93.0
2.4,0.3946367391521739,1984691.67,24.0,91.0
2.400000000022173,0.3946368293126386,1865909.98,24.0,90.0
2.4,0.3946368508839779,1736957.98,25.0,87.0
2.4,0.3946369047857142,2270340.07,23.0,88.0
2.4,0.39463684313799624,2678949.62000001,23.0,89.0
2.4,0.39463668508287286,632783.19,25.0,85.0
2.4,0.39463669557675624,3037093.49000001,23.0,86.0
2.4,0.3946367178346121,2545653.38,23.0,83.0
2.4,0.39463681415929197,1411452.02000001,22.0,90.0
2.400000000067114,0.39463691275167784,546970.62,23.0,94.0
2.4,0.39263694740350874,1456772.09000001,23.0,92.0
2.4,0.3926368778280543,2295187.71,23.0,89.0
2.4,0.39263683544303796,452720.75,24.0,87.0
2.4,0.392636835106383,1760580.91,23.0,89.0
2.4,0.3926367333555556,1757016.48,24.0,89.0
2.4,0.39263693823033713,1623737.32000001,24.0,88.0
2.4,0.392636827983871,1547436.66,24.0,88.0
2.400000000021692,0.39063681130151845,2143855.68000001,24.0,89.0
2.4,0.530636872980456,2623023.04000001,24.0,87.0
2.4000000000694444,0.5836367361805556,512736.85,23.0,86.0
2.400000000026738,0.5836368182352941,1540117.69,24.0,88.0
2.4,0.5836368112499999,1661317.67,24.0,85.0
2.40000000003003,0.5836368468468468,1684738.66,25.0,85.0
2.4,0.5836368421606648,1576027.56000001,25.0,79.0
2.4,0.55163675993007,2143055.67,24.0,88.0
2.4,0.5516368849206349,2740791.33000001,24.0,84.0
2.400000000104167,0.5516370833333334,574431.30000001,24.0,81.0
2.4000000000274726,0.5516368406868132,1696724.02000001,22.0,91.0
2.4,0.5516368363818182,2079184.30000001,23.0,81.0
2.4,0.5516368722687225,1935542.60000001,22.0,91.0
2.4,0.5516369754768392,1733844.69,23.0,85.0
2.4,0.4826368965782493,2218016.74000001,23.0,86.0
2.4,0.4826367878989899,2742799.55,24.0,87.0
2.400000000104167,0.4826365625,521365.22,25.0,85.0
2.400000000030864,0.482636790154321,1580022.21,25.0,86.0
2.4,0.482636803548387,1571466.37000001,26.0,83.0
2.400000000028329,0.48263699719546743,1677804.14,26.0,80.0
2.4,0.48263693811074915,1407175.43,24.0,80.0
2.4,0.4826369879518072,2069454.46,24.0,86.0
2.4,0.48263684834123216,2493072.09,25.0,86.0
2.4,0.482636875125,479410.69000001,24.0,87.0
2.400000000033557,0.4826367449999999,1381150.17,24.0,87.0
2.4,0.48263692310344825,1479832.65,23.0,85.0
2.4000000000299404,0.48263679640718565,1512480.82000001,24.0,80.0
2.4,0.48263701544615384,1429245.57000001,24.0,84.0
2.4,0.4826370566037736,1829583.13,24.0,85.0
2.4,0.4826368345563549,2327026.21,25.0,87.0
2.4000000001098902,0.4826368134065934,453559.84000001,24.0,87.0
2.400000000030864,0.48263675932098765,1375804.7,24.0,88.0
2.4,0.482637008856305,1489134.18,24.0,88.0
2.400000000027933,0.48263689946927374,1600378.15,24.0,87.0
2.40000000003003,0.482636936996997,1573762.64,24.0,87.0
2.4,0.48263680810101006,2378377.5,24.0,86.0
2.4000000000142654,0.48263686164051356,3014987.79000001,24.0,85.0
2.4,0.4826368875496689,510838.6,22.0,92.0
2.4,0.4826368505977011,1537996.80000001,23.0,94.0
2.4,0.4826367338273381,2131958.01,23.0,91.0
2.4,0.4826368718290598,1946670.37000001,24.0,84.0
2.4000000000180832,0.48263690779385165,1946073.5,25.0,80.0
2.400000000023641,0.4826369030969267,2226688.38,23.0,86.0
2.400000000017825,0.4826368093048129,2865000.07,22.0,82.0
2.4,0.48263685415730334,534960.12,24.0,91.0
2.4000000000250625,0.4826368922556391,1814327.4,24.0,88.0
2.400000000022075,0.48263679911699775,1743916.48,24.0,85.0
2.4,0.48263685851318944,1636164.82000001,23.0,89.0
2.4,0.48263687861271676,1663948.79000001,23.0,89.0
2.4,0.4826369942485549,2071389.95,22.0,90.0
2.4,0.48263685785536153,2433432.08000001,22.0,91.0
2.400000000131579,0.48263684210526314,487097.35,24.0,89.0
2.4,0.4826368406086956,1496744.53000001,24.0,94.0
2.4,0.48263689545751637,1526036.26000001,24.0,93.0
2.4,0.4826369643214286,1471414.7,24.0,90.0
2.4,0.4826368539700374,1547909.87000001,24.0,90.0
2.400000000030488,0.4826369512804878,2096854.81000001,24.0,88.0
2.4,0.4826367848607595,2457515.29000001,24.0,89.0
2.4,0.48263680020000005,502948.3,23.0,89.0
2.400000000038023,0.4826369962357414,1422155.86000001,23.0,88.0
2.4,0.4826370707070707,1587372.93,22.0,85.0
2.4,0.46663688076452603,1759809.82000001,22.0,85.0
2.400000000037879,0.4666368560984848,1867361.08000001,22.0,87.0
2.4000000000352113,0.43163697190140843,2613720.69,23.0,87.0
2.4,0.43163680436956525,3546116.57,24.0,91.0
2.400000000188679,0.4316373586792453,537728.69,23.0,89.0
2.4,0.4316370707407407,1724434.96,23.0,90.0
2.4000000000274726,0.4316368406868132,1908096.07000001,22.0,92.0
2.4,0.43163698464615385,1831571.08000001,21.0,92.0
2.4,0.4316367061538462,2595764.38,22.0,89.0
2.4000000000162336,0.43163668832792207,3032158.58000001,23.0,86.0
2.4,0.4316367568468469,544625.5,23.0,87.0
2.4000000000261097,0.4316368668929504,1629603.62000001,22.0,84.0
2.4,0.4316369533415233,1650548.2,22.0,86.0
2.400000000030395,0.4316368997568389,1648254.52000001,24.0,86.0
2.4,0.4316370667333333,1638170.60000001,23.0,82.0
2.4000000000324677,0.4316368507142857,2000457.52000001,24.0,88.0
2.400000000024814,0.43163682382133994,2542936.82,22.0,87.0
2.4,0.4316366293258427,491512.27000001,21.0,85.0
2.27680608365019,0.3109766539923954,1473816.62000001,22.0,85.0
2.258785942492013,0.29332712463258787,1507841.53000001,24.0,82.0
2.267361111111111,0.3017260417013889,1465019.03000001,22.0,88.0
2.28080000004,0.31488820008000007,1421940.79000001,23.0,91.0
2.259793814467354,0.29431443302405497,1960943.32000001,23.0,90.0
2.2464864865135135,0.28128056756756753,2367603.56000001,22.0,90.0
2.2888888888888888,0.3228111111111111,452984.94000001,22.0,89.0
2.2658823529411762,0.30027741176470585,1391049.07000001,22.0,92.0
2.288669950788177,0.3225966009852217,1018650.68000001,22.0,92.0
2.2595317726086956,0.29405769237458196,1530635.89,22.0,85.0
2.2649122807309943,0.2993274269590643,1547779.58000001,22.0,83.0
2.256811594231884,0.29139342034782606,2101216.15,23.0,81.0
2.2555555555555555,0.2901631111333333,2763486.5,22.0,82.0
2.247826087065217,0.28259271750000003,554373.58,21.0,81.0
2.399045346085919,0.4307017661097852,2288489.09,23.0,82.0
2.399514563131068,0.4311613835436893,1941142.69,21.0,88.0
2.4,0.4316369091168831,1791599.78000001,20.0,88.0
2.4,0.4316369143142857,2235357.76,20.0,88.0
2.4,0.4316367337018425,3018635.81000001,22.0,87.0
2.400000000093458,0.4316370094392523,576812.42000001,21.0,87.0
2.4,0.43163677553061225,2385242.60000001,21.0,85.0
2.4,0.4316368571904761,1356066.29000001,21.0,89.0
2.4000000000212314,0.4316369639278131,2126442.22000001,20.0,90.0
2.395180722891566,0.4304420883935743,1323391.55000001,22.0,90.0
2.4,0.4316369464102564,2322861.21,21.0,89.0
2.4,0.4316368927789934,2340197.18000001,23.0,86.0
2.4,0.43163656265624994,435900.65000001,23.0,79.0
2.4,0.4316368548655914,1626136.91,22.0,86.0
2.4049046321798366,0.43281307901907357,1672335.53000001,22.0,88.0
2.4,0.43163683287390026,1601522.01000001,22.0,87.0
2.4,0.43163711867796606,1470421.83000001,22.0,88.0
2.4,0.4316370036823105,2073931.03000001,20.0,88.0
2.3994444444444443,0.43109283333333337,2503931.51,19.0,89.0
2.4,0.43163630784615387,540308.06000001,20.0,85.0
2.4,0.431636851106383,1248404.29000001,19.0,89.0
2.4,0.4316369620886075,1493896.94,20.0,86.0
2.4,0.43163691733082704,1502656.23,20.0,88.0
2.4,0.43163696,1556536.24,21.0,85.0
2.40000000003096,0.4316368730959752,2257639.86,20.0,89.0
2.4000000000238666,0.43163696902147974,3413776.48,21.0,88.0
2.4,0.43163700025,654622.2,20.0,89.0
2.4000000000515462,0.4316370103608247,1341141.07000001,21.0,85.0
2.4,0.4316368794680851,1526358.16,22.0,79.0
2.4,0.4316369642857143,1683255.37000001,20.0,84.0
2.4000000000401607,0.43163690767068275,1645040.57000001,19.0,80.0
2.4,0.4316369178767123,2099411.11,19.0,78.0
2.4,0.4316368571428571,2717252.42,19.0,89.0
2.4,0.4316368,504905.88000001,20.0,89.0
2.4,0.43163687767932485,1522658.68,20.0,90.0
2.4,0.43163678194148936,1817778.7,21.0,85.0
2.400000000022831,0.43163682648401824,2170254.31000001,22.0,89.0
2.4000000000260417,0.431636953125,2046460.39,21.0,91.0
2.4,0.43163694710280376,2368342.70000001,21.0,89.0
2.400000000020576,0.4316368518930041,2883090.15,20.0,87.0
2.4000000001098902,0.4316367032967033,549398.08,20.0,85.0
2.4,0.43163673596439167,1668119.21,19.0,88.0
2.400000000029586,0.4316368047633136,1744952.49,20.0,84.0
2.4,0.4316367247735191,1811914.71,20.0,86.0
2.4,0.43163691733082704,1784872.62000001,19.0,88.0
2.4,0.4316370212765957,2438365.27000001,20.0,84.0
2.4,0.43163688241176473,3018776.82,20.0,86.0
2.4,0.43163746693333327,691490.6,20.0,88.0
2.4,0.4316367298578199,1317040.13,21.0,84.0
2.4,0.43163699218749996,1448288.96,21.0,86.0
2.4,0.4316372300938967,1504928.05000001,21.0,83.0
2.4,0.43163688893333335,1488190.46,20.0,89.0
2.400000000035336,0.43163674915194344,1971505.73,20.0,78.0
2.4,0.43163691400593474,2453175.65,18.0,88.0
2.4000000001219512,0.43163682926829267,464247.6,18.0,85.0
2.4,0.42709261029411766,1449304.72,18.0,89.0
2.3998561151079136,0.4194961870863309,1520312.12000001,19.0,81.0
2.400000000035336,0.4196372085159011,1582598.82000001,19.0,79.0
2.3758695652536233,0.39600297105072463,1633096.71,18.0,87.0
2.3757530120481927,0.3958884939759036,2139270.57,18.0,80.0
2.3640246913580247,0.38440130864197525,2541085.38,17.0,89.0
2.3329999999999997,0.35401475012500006,492201.69000001,19.0,88.0
2.3690548780487806,0.3893283232012195,1665407.93,18.0,87.0
2.3558739255300862,0.3764183094842407,1679145.49,20.0,86.0
2.352126245880399,0.3727478737873754,1740514.03000001,20.0,88.0
